INSERT INTO users (user_id, email, phone, password, is_admin) VALUES (1, 'user1@example.com', '1234567890', 'password1', FALSE);
INSERT INTO bank_accounts (user_id, email, account_type, balance, account_number) VALUES (1, (SELECT email FROM users WHERE user_id = 1), 'checking', 2145.24, 155);
INSERT INTO bank_accounts (user_id, email, account_type, balance, account_number) VALUES (1, (SELECT email FROM users WHERE user_id = 1), 'savings', 1013.05, 156);
INSERT INTO users (user_id, email, phone, password, is_admin) VALUES (2, 'user2@example.com', '1234567890', 'password2', FALSE);
INSERT INTO bank_accounts (user_id, email, account_type, balance, account_number) VALUES (2, (SELECT email FROM users WHERE user_id = 2), 'savings', 2058.07, 157);
INSERT INTO bank_accounts (user_id, email, account_type, balance, account_number) VALUES (2, (SELECT email FROM users WHERE user_id = 2), 'checking', 3465.20, 158);
INSERT INTO users (user_id, email, phone, password, is_admin) VALUES (3, 'user3@example.com', '1234567890', 'password3', FALSE);
INSERT INTO bank_accounts (user_id, email, account_type, balance, account_number) VALUES (3, (SELECT email FROM users WHERE user_id = 3), 'checking', 2216.90, 159);
INSERT INTO bank_accounts (user_id, email, account_type, balance, account_number) VALUES (3, (SELECT email FROM users WHERE user_id = 3), 'checking', 1778.68, 160);
INSERT INTO users (user_id, email, phone, password, is_admin) VALUES (4, 'user4@example.com', '1234567890', 'password4', FALSE);
INSERT INTO bank_accounts (user_id, email, account_type, balance, account_number) VALUES (4, (SELECT email FROM users WHERE user_id = 4), 'savings', 2832.95, 161);
INSERT INTO bank_accounts (user_id, email, account_type, balance, account_number) VALUES (4, (SELECT email FROM users WHERE user_id = 4), 'savings', 2223.29, 162);
INSERT INTO users (user_id, email, phone, password, is_admin) VALUES (5, 'user5@example.com', '1234567890', 'password5', FALSE);
INSERT INTO bank_accounts (user_id, email, account_type, balance, account_number) VALUES (5, (SELECT email FROM users WHERE user_id = 5), 'savings', 635.73, 163);
INSERT INTO bank_accounts (user_id, email, account_type, balance, account_number) VALUES (5, (SELECT email FROM users WHERE user_id = 5), 'checking', 1573.74, 164);
INSERT INTO users (user_id, email, phone, password, is_admin) VALUES (6, 'user6@example.com', '1234567890', 'password6', FALSE);
INSERT INTO bank_accounts (user_id, email, account_type, balance, account_number) VALUES (6, (SELECT email FROM users WHERE user_id = 6), 'savings', 2975.82, 165);
INSERT INTO bank_accounts (user_id, email, account_type, balance, account_number) VALUES (6, (SELECT email FROM users WHERE user_id = 6), 'savings', 2470.11, 166);
INSERT INTO users (user_id, email, phone, password, is_admin) VALUES (7, 'user7@example.com', '1234567890', 'password7', FALSE);
INSERT INTO bank_accounts (user_id, email, account_type, balance, account_number) VALUES (7, (SELECT email FROM users WHERE user_id = 7), 'savings', 2211.09, 167);
INSERT INTO bank_accounts (user_id, email, account_type, balance, account_number) VALUES (7, (SELECT email FROM users WHERE user_id = 7), 'checking', 3442.44, 168);
INSERT INTO users (user_id, email, phone, password, is_admin) VALUES (8, 'user8@example.com', '1234567890', 'password8', FALSE);
INSERT INTO bank_accounts (user_id, email, account_type, balance, account_number) VALUES (8, (SELECT email FROM users WHERE user_id = 8), 'checking', 1739.70, 169);
INSERT INTO bank_accounts (user_id, email, account_type, balance, account_number) VALUES (8, (SELECT email FROM users WHERE user_id = 8), 'checking', 1043.92, 170);
INSERT INTO users (user_id, email, phone, password, is_admin) VALUES (9, 'user9@example.com', '1234567890', 'password9', FALSE);
INSERT INTO bank_accounts (user_id, email, account_type, balance, account_number) VALUES (9, (SELECT email FROM users WHERE user_id = 9), 'checking', 4796.06, 171);
INSERT INTO bank_accounts (user_id, email, account_type, balance, account_number) VALUES (9, (SELECT email FROM users WHERE user_id = 9), 'checking', 2572.89, 172);
INSERT INTO users (user_id, email, phone, password, is_admin) VALUES (10, 'user10@example.com', '1234567890', 'password10', FALSE);
INSERT INTO bank_accounts (user_id, email, account_type, balance, account_number) VALUES (10, (SELECT email FROM users WHERE user_id = 10), 'checking', 4720.28, 173);
INSERT INTO bank_accounts (user_id, email, account_type, balance, account_number) VALUES (10, (SELECT email FROM users WHERE user_id = 10), 'checking', 4548.53, 174);
INSERT INTO transactions (account_number, transaction_type, amount, transaction_date_time, from_account_number, to_account_number) VALUES (155, 'deposit', 4042.37, NOW(), 155, 158);
INSERT INTO transactions (account_number, transaction_type, amount, transaction_date_time, from_account_number, to_account_number) VALUES (155, 'deposit', 2463.70, NOW(), 155, 169);
INSERT INTO transactions (account_number, transaction_type, amount, transaction_date_time, from_account_number, to_account_number) VALUES (155, 'deposit', 1848.29, NOW(), 155, 161);
INSERT INTO transactions (account_number, transaction_type, amount, transaction_date_time, from_account_number, to_account_number) VALUES (155, 'withdrawal', 4676.55, NOW(), 155, 162);
INSERT INTO transactions (account_number, transaction_type, amount, transaction_date_time, from_account_number, to_account_number) VALUES (155, 'withdrawal', 4548.88, NOW(), 155, 170);
INSERT INTO transactions (account_number, transaction_type, amount, transaction_date_time, from_account_number, to_account_number) VALUES (156, 'deposit', 4179.32, NOW(), 156, 164);
INSERT INTO transactions (account_number, transaction_type, amount, transaction_date_time, from_account_number, to_account_number) VALUES (156, 'withdrawal', 4887.43, NOW(), 156, 164);
INSERT INTO transactions (account_number, transaction_type, amount, transaction_date_time, from_account_number, to_account_number) VALUES (156, 'deposit', 4438.13, NOW(), 156, 165);
INSERT INTO transactions (account_number, transaction_type, amount, transaction_date_time, from_account_number, to_account_number) VALUES (156, 'withdrawal', 4265.20, NOW(), 156, 160);
INSERT INTO transactions (account_number, transaction_type, amount, transaction_date_time, from_account_number, to_account_number) VALUES (156, 'deposit', 4476.27, NOW(), 156, 164);
INSERT INTO transactions (account_number, transaction_type, amount, transaction_date_time, from_account_number, to_account_number) VALUES (157, 'withdrawal', 3283.15, NOW(), 157, 163);
INSERT INTO transactions (account_number, transaction_type, amount, transaction_date_time, from_account_number, to_account_number) VALUES (157, 'withdrawal', 753.86, NOW(), 157, 168);
INSERT INTO transactions (account_number, transaction_type, amount, transaction_date_time, from_account_number, to_account_number) VALUES (157, 'withdrawal', 3324.42, NOW(), 157, 166);
INSERT INTO transactions (account_number, transaction_type, amount, transaction_date_time, from_account_number, to_account_number) VALUES (157, 'withdrawal', 1909.38, NOW(), 157, 155);
INSERT INTO transactions (account_number, transaction_type, amount, transaction_date_time, from_account_number, to_account_number) VALUES (157, 'withdrawal', 884.71, NOW(), 157, 159);
INSERT INTO transactions (account_number, transaction_type, amount, transaction_date_time, from_account_number, to_account_number) VALUES (158, 'withdrawal', 3313.12, NOW(), 158, 169);
INSERT INTO transactions (account_number, transaction_type, amount, transaction_date_time, from_account_number, to_account_number) VALUES (158, 'deposit', 4417.93, NOW(), 158, 172);
INSERT INTO transactions (account_number, transaction_type, amount, transaction_date_time, from_account_number, to_account_number) VALUES (158, 'withdrawal', 1781.72, NOW(), 158, 170);
INSERT INTO transactions (account_number, transaction_type, amount, transaction_date_time, from_account_number, to_account_number) VALUES (158, 'withdrawal', 3074.99, NOW(), 158, 162);
INSERT INTO transactions (account_number, transaction_type, amount, transaction_date_time, from_account_number, to_account_number) VALUES (158, 'withdrawal', 1867.69, NOW(), 158, 166);
INSERT INTO transactions (account_number, transaction_type, amount, transaction_date_time, from_account_number, to_account_number) VALUES (159, 'withdrawal', 3991.08, NOW(), 159, 168);
INSERT INTO transactions (account_number, transaction_type, amount, transaction_date_time, from_account_number, to_account_number) VALUES (159, 'withdrawal', 4536.60, NOW(), 159, 169);
INSERT INTO transactions (account_number, transaction_type, amount, transaction_date_time, from_account_number, to_account_number) VALUES (159, 'deposit', 570.28, NOW(), 159, 155);
INSERT INTO transactions (account_number, transaction_type, amount, transaction_date_time, from_account_number, to_account_number) VALUES (159, 'withdrawal', 449.10, NOW(), 159, 171);
INSERT INTO transactions (account_number, transaction_type, amount, transaction_date_time, from_account_number, to_account_number) VALUES (159, 'deposit', 573.29, NOW(), 159, 172);
INSERT INTO transactions (account_number, transaction_type, amount, transaction_date_time, from_account_number, to_account_number) VALUES (160, 'withdrawal', 1556.66, NOW(), 160, 163);
INSERT INTO transactions (account_number, transaction_type, amount, transaction_date_time, from_account_number, to_account_number) VALUES (160, 'withdrawal', 3968.99, NOW(), 160, 162);
INSERT INTO transactions (account_number, transaction_type, amount, transaction_date_time, from_account_number, to_account_number) VALUES (160, 'withdrawal', 1534.15, NOW(), 160, 157);
INSERT INTO transactions (account_number, transaction_type, amount, transaction_date_time, from_account_number, to_account_number) VALUES (160, 'withdrawal', 3281.16, NOW(), 160, 169);
INSERT INTO transactions (account_number, transaction_type, amount, transaction_date_time, from_account_number, to_account_number) VALUES (160, 'deposit', 3644.09, NOW(), 160, 168);
INSERT INTO transactions (account_number, transaction_type, amount, transaction_date_time, from_account_number, to_account_number) VALUES (161, 'deposit', 1656.31, NOW(), 161, 160);
INSERT INTO transactions (account_number, transaction_type, amount, transaction_date_time, from_account_number, to_account_number) VALUES (161, 'withdrawal', 542.55, NOW(), 161, 165);
INSERT INTO transactions (account_number, transaction_type, amount, transaction_date_time, from_account_number, to_account_number) VALUES (161, 'withdrawal', 3582.65, NOW(), 161, 170);
INSERT INTO transactions (account_number, transaction_type, amount, transaction_date_time, from_account_number, to_account_number) VALUES (161, 'withdrawal', 702.53, NOW(), 161, 164);
INSERT INTO transactions (account_number, transaction_type, amount, transaction_date_time, from_account_number, to_account_number) VALUES (161, 'withdrawal', 2590.05, NOW(), 161, 167);
INSERT INTO transactions (account_number, transaction_type, amount, transaction_date_time, from_account_number, to_account_number) VALUES (162, 'withdrawal', 570.21, NOW(), 162, 170);
INSERT INTO transactions (account_number, transaction_type, amount, transaction_date_time, from_account_number, to_account_number) VALUES (162, 'withdrawal', 2715.66, NOW(), 162, 166);
INSERT INTO transactions (account_number, transaction_type, amount, transaction_date_time, from_account_number, to_account_number) VALUES (162, 'withdrawal', 1584.84, NOW(), 162, 166);
INSERT INTO transactions (account_number, transaction_type, amount, transaction_date_time, from_account_number, to_account_number) VALUES (162, 'withdrawal', 843.22, NOW(), 162, 158);
INSERT INTO transactions (account_number, transaction_type, amount, transaction_date_time, from_account_number, to_account_number) VALUES (162, 'withdrawal', 3687.55, NOW(), 162, 155);
INSERT INTO transactions (account_number, transaction_type, amount, transaction_date_time, from_account_number, to_account_number) VALUES (163, 'deposit', 4542.52, NOW(), 163, 171);
INSERT INTO transactions (account_number, transaction_type, amount, transaction_date_time, from_account_number, to_account_number) VALUES (163, 'withdrawal', 2874.92, NOW(), 163, 170);
INSERT INTO transactions (account_number, transaction_type, amount, transaction_date_time, from_account_number, to_account_number) VALUES (163, 'deposit', 2665.24, NOW(), 163, 168);
INSERT INTO transactions (account_number, transaction_type, amount, transaction_date_time, from_account_number, to_account_number) VALUES (163, 'withdrawal', 1969.05, NOW(), 163, 157);
INSERT INTO transactions (account_number, transaction_type, amount, transaction_date_time, from_account_number, to_account_number) VALUES (163, 'withdrawal', 2044.19, NOW(), 163, 156);
INSERT INTO transactions (account_number, transaction_type, amount, transaction_date_time, from_account_number, to_account_number) VALUES (164, 'withdrawal', 178.77, NOW(), 164, 172);
INSERT INTO transactions (account_number, transaction_type, amount, transaction_date_time, from_account_number, to_account_number) VALUES (164, 'deposit', 1193.94, NOW(), 164, 158);
INSERT INTO transactions (account_number, transaction_type, amount, transaction_date_time, from_account_number, to_account_number) VALUES (164, 'deposit', 1764.31, NOW(), 164, 160);
INSERT INTO transactions (account_number, transaction_type, amount, transaction_date_time, from_account_number, to_account_number) VALUES (164, 'deposit', 1723.97, NOW(), 164, 162);
INSERT INTO transactions (account_number, transaction_type, amount, transaction_date_time, from_account_number, to_account_number) VALUES (164, 'deposit', 4942.27, NOW(), 164, 172);
INSERT INTO transactions (account_number, transaction_type, amount, transaction_date_time, from_account_number, to_account_number) VALUES (165, 'deposit', 3898.24, NOW(), 165, 168);
INSERT INTO transactions (account_number, transaction_type, amount, transaction_date_time, from_account_number, to_account_number) VALUES (165, 'deposit', 1027.76, NOW(), 165, 162);
INSERT INTO transactions (account_number, transaction_type, amount, transaction_date_time, from_account_number, to_account_number) VALUES (165, 'withdrawal', 3259.77, NOW(), 165, 170);
INSERT INTO transactions (account_number, transaction_type, amount, transaction_date_time, from_account_number, to_account_number) VALUES (165, 'withdrawal', 3006.45, NOW(), 165, 167);
INSERT INTO transactions (account_number, transaction_type, amount, transaction_date_time, from_account_number, to_account_number) VALUES (165, 'deposit', 944.17, NOW(), 165, 169);
INSERT INTO transactions (account_number, transaction_type, amount, transaction_date_time, from_account_number, to_account_number) VALUES (166, 'deposit', 3627.28, NOW(), 166, 159);
INSERT INTO transactions (account_number, transaction_type, amount, transaction_date_time, from_account_number, to_account_number) VALUES (166, 'withdrawal', 1995.31, NOW(), 166, 157);
INSERT INTO transactions (account_number, transaction_type, amount, transaction_date_time, from_account_number, to_account_number) VALUES (166, 'withdrawal', 3049.36, NOW(), 166, 173);
INSERT INTO transactions (account_number, transaction_type, amount, transaction_date_time, from_account_number, to_account_number) VALUES (166, 'withdrawal', 1635.55, NOW(), 166, 168);
INSERT INTO transactions (account_number, transaction_type, amount, transaction_date_time, from_account_number, to_account_number) VALUES (166, 'deposit', 4610.33, NOW(), 166, 160);
INSERT INTO transactions (account_number, transaction_type, amount, transaction_date_time, from_account_number, to_account_number) VALUES (167, 'deposit', 4524.21, NOW(), 167, 166);
INSERT INTO transactions (account_number, transaction_type, amount, transaction_date_time, from_account_number, to_account_number) VALUES (167, 'deposit', 2650.16, NOW(), 167, 161);
INSERT INTO transactions (account_number, transaction_type, amount, transaction_date_time, from_account_number, to_account_number) VALUES (167, 'withdrawal', 514.02, NOW(), 167, 169);
INSERT INTO transactions (account_number, transaction_type, amount, transaction_date_time, from_account_number, to_account_number) VALUES (167, 'deposit', 1921.46, NOW(), 167, 155);
INSERT INTO transactions (account_number, transaction_type, amount, transaction_date_time, from_account_number, to_account_number) VALUES (167, 'withdrawal', 3853.01, NOW(), 167, 170);
INSERT INTO transactions (account_number, transaction_type, amount, transaction_date_time, from_account_number, to_account_number) VALUES (168, 'withdrawal', 1673.66, NOW(), 168, 163);
INSERT INTO transactions (account_number, transaction_type, amount, transaction_date_time, from_account_number, to_account_number) VALUES (168, 'deposit', 301.66, NOW(), 168, 166);
INSERT INTO transactions (account_number, transaction_type, amount, transaction_date_time, from_account_number, to_account_number) VALUES (168, 'deposit', 1428.84, NOW(), 168, 156);
INSERT INTO transactions (account_number, transaction_type, amount, transaction_date_time, from_account_number, to_account_number) VALUES (168, 'deposit', 2093.65, NOW(), 168, 166);
INSERT INTO transactions (account_number, transaction_type, amount, transaction_date_time, from_account_number, to_account_number) VALUES (168, 'deposit', 4254.50, NOW(), 168, 163);
INSERT INTO transactions (account_number, transaction_type, amount, transaction_date_time, from_account_number, to_account_number) VALUES (169, 'withdrawal', 3462.50, NOW(), 169, 157);
INSERT INTO transactions (account_number, transaction_type, amount, transaction_date_time, from_account_number, to_account_number) VALUES (169, 'withdrawal', 3055.54, NOW(), 169, 155);
INSERT INTO transactions (account_number, transaction_type, amount, transaction_date_time, from_account_number, to_account_number) VALUES (169, 'withdrawal', 441.92, NOW(), 169, 172);
INSERT INTO transactions (account_number, transaction_type, amount, transaction_date_time, from_account_number, to_account_number) VALUES (169, 'withdrawal', 3717.18, NOW(), 169, 167);
INSERT INTO transactions (account_number, transaction_type, amount, transaction_date_time, from_account_number, to_account_number) VALUES (169, 'withdrawal', 4111.04, NOW(), 169, 159);
INSERT INTO transactions (account_number, transaction_type, amount, transaction_date_time, from_account_number, to_account_number) VALUES (170, 'withdrawal', 4600.24, NOW(), 170, 161);
INSERT INTO transactions (account_number, transaction_type, amount, transaction_date_time, from_account_number, to_account_number) VALUES (170, 'withdrawal', 846.32, NOW(), 170, 160);
INSERT INTO transactions (account_number, transaction_type, amount, transaction_date_time, from_account_number, to_account_number) VALUES (170, 'withdrawal', 3401.56, NOW(), 170, 157);
INSERT INTO transactions (account_number, transaction_type, amount, transaction_date_time, from_account_number, to_account_number) VALUES (170, 'withdrawal', 2243.68, NOW(), 170, 169);
INSERT INTO transactions (account_number, transaction_type, amount, transaction_date_time, from_account_number, to_account_number) VALUES (170, 'deposit', 3625.44, NOW(), 170, 173);
INSERT INTO transactions (account_number, transaction_type, amount, transaction_date_time, from_account_number, to_account_number) VALUES (171, 'deposit', 1981.58, NOW(), 171, 157);
INSERT INTO transactions (account_number, transaction_type, amount, transaction_date_time, from_account_number, to_account_number) VALUES (171, 'withdrawal', 2270.05, NOW(), 171, 157);
INSERT INTO transactions (account_number, transaction_type, amount, transaction_date_time, from_account_number, to_account_number) VALUES (171, 'withdrawal', 1607.94, NOW(), 171, 164);
INSERT INTO transactions (account_number, transaction_type, amount, transaction_date_time, from_account_number, to_account_number) VALUES (171, 'deposit', 2117.10, NOW(), 171, 162);
INSERT INTO transactions (account_number, transaction_type, amount, transaction_date_time, from_account_number, to_account_number) VALUES (171, 'withdrawal', 537.77, NOW(), 171, 157);
INSERT INTO transactions (account_number, transaction_type, amount, transaction_date_time, from_account_number, to_account_number) VALUES (172, 'deposit', 2047.37, NOW(), 172, 160);
INSERT INTO transactions (account_number, transaction_type, amount, transaction_date_time, from_account_number, to_account_number) VALUES (172, 'withdrawal', 2851.22, NOW(), 172, 157);
INSERT INTO transactions (account_number, transaction_type, amount, transaction_date_time, from_account_number, to_account_number) VALUES (172, 'withdrawal', 2863.53, NOW(), 172, 157);
INSERT INTO transactions (account_number, transaction_type, amount, transaction_date_time, from_account_number, to_account_number) VALUES (172, 'withdrawal', 1582.89, NOW(), 172, 155);
INSERT INTO transactions (account_number, transaction_type, amount, transaction_date_time, from_account_number, to_account_number) VALUES (172, 'deposit', 2432.60, NOW(), 172, 169);
INSERT INTO transactions (account_number, transaction_type, amount, transaction_date_time, from_account_number, to_account_number) VALUES (173, 'withdrawal', 642.64, NOW(), 173, 167);
INSERT INTO transactions (account_number, transaction_type, amount, transaction_date_time, from_account_number, to_account_number) VALUES (173, 'deposit', 4915.89, NOW(), 173, 166);
INSERT INTO transactions (account_number, transaction_type, amount, transaction_date_time, from_account_number, to_account_number) VALUES (173, 'deposit', 4556.40, NOW(), 173, 172);
INSERT INTO transactions (account_number, transaction_type, amount, transaction_date_time, from_account_number, to_account_number) VALUES (173, 'deposit', 1782.43, NOW(), 173, 160);
INSERT INTO transactions (account_number, transaction_type, amount, transaction_date_time, from_account_number, to_account_number) VALUES (173, 'deposit', 2261.66, NOW(), 173, 160);
INSERT INTO transactions (account_number, transaction_type, amount, transaction_date_time, from_account_number, to_account_number) VALUES (174, 'deposit', 4104.14, NOW(), 174, 163);
INSERT INTO transactions (account_number, transaction_type, amount, transaction_date_time, from_account_number, to_account_number) VALUES (174, 'deposit', 1187.33, NOW(), 174, 173);
INSERT INTO transactions (account_number, transaction_type, amount, transaction_date_time, from_account_number, to_account_number) VALUES (174, 'withdrawal', 1505.87, NOW(), 174, 169);
INSERT INTO transactions (account_number, transaction_type, amount, transaction_date_time, from_account_number, to_account_number) VALUES (174, 'deposit', 3090.94, NOW(), 174, 163);
INSERT INTO transactions (account_number, transaction_type, amount, transaction_date_time, from_account_number, to_account_number) VALUES (174, 'deposit', 4892.69, NOW(), 174, 163);
